Name,Profile URL,Debut Year,Number of Movies,Tags/Genres
censored,https://javdb.com/actors/censored,,,
uncensored,https://javdb.com/actors/uncensored,,,
western,https://javdb.com/actors/western,,,
有碼,https://javdb.com/actors/censored,,,
無碼,https://javdb.com/actors/uncensored,,,
歐美,https://javdb.com/actors/western,,,
仁藤さや香,https://javdb.com/actors/p3Wye,,,"全部, 可播放, 單體作品, 含磁鏈, 含字幕, 單體作品(19), 苗條(15), 巨乳(15), 潮吹(9), 淫亂真實(7), 已婚婦女(6), 乳交(6), 戀乳癖(4), 白天出軌(3), 4小時以上作品(3), 精選綜合(3), 16小時以上作品(2), 戲劇(2), 偶像(2), VR(2), 賽車女郎(2), 按摩(2), 乳液(2), 玩具(2), OL(1), 女優按摩棒(1), 放尿(1), 護士(1), 出軌(1), 女教師(1), 拘束(1), 主觀視角(1), 姐姐(1), 口交(1), 接吻(1), 蕩婦(1), 多P(1), 首次亮相(1)"
鈴乃ウト,https://javdb.com/actors/MmAk7,,,"全部, 可播放, 單體作品, 含磁鏈, 含字幕, 單體作品(14), 苗條(13), 口交(8), 美少女電影(7), 精選綜合(6), 4小時以上作品(4), 蕩婦(4), VR(4), 中出(3), 白天出軌(2), 顏射(2), 女教師(2), 凌辱(2), 女上位(2), 高中女生(2), 第一人稱攝影(2), 接吻(2), 深喉(1), 美乳(1), 巨乳(1), 足交(1), 戀腿癖(1), 自慰(1), 寡婦(1), 戲劇(1), 已婚婦女(1), 妹妹(1), 姐姐(1), 護士(1), 介紹影片(1), 泳裝(1), 乳液(1), 美容院(1), 主觀視角(1), 流汗(1), 潮吹(1), 首次亮相(1)"
亜弓れおん,https://javdb.com/actors/d4dJe,,,"全部, 可播放, 單體作品, 含磁鏈, 含字幕, 手淫(1), 主觀視角(1), 蕩婦(1), 首次亮相(1), 顏射(1), 中出(1), 單體作品(1), 瘦小身型(1), 辣妹(1), 美少女電影(1)"
"透美奏多, 透美かなた, 葉澄かえで",https://javdb.com/actors/B8O24,,,"全部, 可播放, 單體作品, 含磁鏈, 含字幕, 中出(33), 單體作品(30), 高挑(19), 精選綜合(14), 巨乳(13), VR(12), 高中女生(11), 蕩婦(10), 第一人稱攝影(9), 自慰(7), 女上位(7), 制服(7), 4小時以上作品(7), 苗條(7), 顏射(6), 校服(6), 淫亂真實(6), 口交(6), 大屁股(6), 手淫(5), 美臀(5), 美少女電影(5), 素人作品(5), 按摩棒(5), 潮吹(5), 業餘(5), 淫語(5), 乳交(4), 舔陰(4), 獵豔(4), 美乳(4), 女大學生(4), 主觀視角(3), 放尿(3), 女教師(3), 戀腿癖(3), 多P(3), 4K(3), 戀物癖(2), 角色扮演者(2), 肛門・肛交(2), 接吻(2), 巨大陰莖(2), 女優按摩棒(2), 妹妹(2), 兔女郎(2), 戲劇(2), 女主播(2), 企畫(2), 按摩(2), 白天出軌(2), 泳裝(2), 騎乗位(2), 手指插入(2), 泡泡襪(2), 學校泳裝(2), 連褲襪(2), 運動短褲(2), 戀乳癖(2), 首次亮相(2), 水手服(1), 迷你裙(1), 姐姐(1), 汽車性愛(1), 已婚婦女(1), 藥物(1), 乳液(1), 吞精(1), OL(1), 出軌(1), 護士(1), 模特兒(1), 凌辱(1), 羞恥(1), 足交(1), 角色扮演(1), 運動(1), 偷窺(1), 深喉(1)"
"矢澤莉亚, 矢澤なの",https://javdb.com/actors/wqM2Y,,,"全部, 可播放, 單體作品, 含磁鏈, 含字幕, 巨乳(15), 中出(13), 單體作品(8), 4小時以上作品(6), 美少女電影(5), 素人作品(5), 精選綜合(4), 苗條(4), 校服(3), 角色扮演者(3), 第一人稱攝影(3), 潮吹(3), 美乳(2), 已婚婦女(2), 白天出軌(2), 制服(2), 蕩婦(2), 高中女生(2), 乳交(2), 淫亂真實(2), 大屁股(2), 自慰(1), 迷你裙(1), 辣妹(1), 凌辱(1), 猥褻穿著(1), 多P(1), 獵豔(1), 妹妹(1), 4K(1), 美少女(1), 亂倫(1), 熟女(1), 巨大陰莖(1), 情侶(1), 淫語(1), 手淫(1), 立即口交(1), 眼鏡(1), 首次亮相(1)"
七瀬みしろ,https://javdb.com/actors/g0paq,,,"全部, 可播放, 單體作品, 含磁鏈, 含字幕, 單體作品(5), 美少女電影(4), 口交(3), 高中女生(2), 制服(2), 顏射(2), 多P(2), 中出(1), 戲劇(1), 按摩(1), 美容院(1), 女上位(1), 接吻(1), 巨乳(1), 首次亮相(1)"
新庄カンナ,https://javdb.com/actors/rmv2D,,,"全部, 可播放, 單體作品, 含磁鏈, 含字幕, 多P(2), 單體作品(2), 苗條(2), 口交(1), 中出(1), 首次亮相(1), 顏射(1), 美少女電影(1)"
長谷川礼奈,https://javdb.com/actors/5EG7B,,,"全部, 可播放, 單體作品, 含磁鏈, 含字幕, 中出(9), 潮吹(7), 單體作品(6), 美少女電影(5), 平胸(4), 苗條(4), 淫亂真實(3), 企畫(3), 4小時以上作品(3), 高中女生(2), 口交(2), VR(2), 玩具(2), 按摩棒(2), 按摩(2), 精選綜合(2), 美乳(2), 拘束(2), 多P(2), 白天出軌(1), 凌辱(1), 巨乳(1), 短裙(1), M男(1), 淫語(1), 戀物癖(1), 蕩婦(1), 主觀視角(1), 辣妹(1), 姐姐(1), 各種職業(1), 護士(1), 無毛(1), 素人作品(1), 4K(1), 水手服(1), 第一人稱攝影(1), 捆綁(1), 制服(1), 深喉(1), 首次亮相(1)"
"五条恋, 雛田真依羽, 結城ちか, 髙橋央",https://javdb.com/actors/VwvaX,,,"全部, 可播放, 單體作品, 含磁鏈, 含字幕, 巨乳(34), 單體作品(27), 乳交(21), 4小時以上作品(16), 精選綜合(15), 偶像(15), 戀乳癖(13), 淫亂真實(11), 超乳(7), 主觀視角(6), 美少女電影(6), 濫交(5), 美容院(5), 蕩婦(5), 白天出軌(4), 苗條(4), VR(4), 介紹影片(4), 接吻(4), OL(3), 潮吹(3), 拘束(3), 16小時以上作品(2), 大屁股(2), 性感的(2), 羞恥(2), 子宮頸(2), 多P(2), 女教師(2), 美乳(2), 猥褻穿著(2), 手淫(2), 女上位(2), 顏射(2), 乳液(1), 捆綁(1), 女傭(1), M男(1), 妹妹(1), 立即口交(1), 姐姐(1), 口交(1), 學校泳裝(1), 禮儀小姐(1), 第一人稱攝影(1), 內衣(1), 泳裝(1), 首次亮相(1), 紀錄片(1)"
本庄鈴,https://javdb.com/actors/BzpA,,,"全部, 可播放, 單體作品, 含磁鏈, 含字幕, 單體作品(70), 中出(49), 苗條(36), 戲劇(31), VR(30), 素人作品(29), 介紹影片(22), 4小時以上作品(19), 多P(17), 高挑(17), 白天出軌(16), 精選綜合(15), 女上位(14), 美少女電影(13), 美乳(12), 口交(11), 接吻(11), 4K(10), 蕩婦(10), 姐姐(10), 性感的(8), 偶像(8), 淫亂真實(8), 已婚婦女(7), 顏射(7), 各種職業(6), 潮吹(6), 濫交(6), 按摩(6), 紀錄片(5), 巨乳(5), 數位馬賽克(5), OL(5), 美少女(5), 羞恥(4), 戶外(4), 出軌(4), 女大學生(4), 拘束(4), 首次亮相(4), 第一人稱攝影(4), 手淫(4), 局部特寫(4), 主觀視角(4), 16小時以上作品(3), 浴衣(3), 女教師(3), 乳液(3), 凌辱(3), 情侶(3), 制服(3), 魔鬼系(3), 角色扮演(3), 美容院(3), 高中女生(3), 偷窺(3), 玩具(3), 吞精(2), 護士(2), 亂倫(2), 熟女(2), 禮儀小姐(2), 深喉(2), 角色扮演者(2), 內衣(2), 流汗(2), 淫語(2), 兔女郎(2), 企畫(2), 藝人(2), 和服，喪服(1), 運動(1), 學校泳裝(1), 連褲襪(1), 戀腿癖(1), 伴侶(1), 暗黑系(1), 惡作劇(1), 家教(1), 講師(1), 模特兒(1), 女傭(1), 其他戀物癖(1), 倒追(1), 戀愛(1), 婆婆(1), 處男(1), 自慰(1), 女主播(1), 老闆娘，女主人(1), 大小姐(1), 插入異物(1), 監禁(1), 女檢察官(1), 戰鬥行動(1), 立即口交(1), SM(1), 泳裝(1), 戀物癖(1), 69(1), 空中小姐(1), 身體意識(1), 輪姦(1), 調教(1), 妄想(1), 性騷擾(1), 獵豔(1), 新娘，年輕妻子(1)"
"波多野結衣, 酒井愛美",https://javdb.com/actors/R2Vg,,,"全部, 可播放, 單體作品, 含磁鏈, 含字幕, 精選綜合(1554), 4小時以上作品(1161), 中出(1030), 巨乳(988), 蕩婦(820), 熟女(761), 已婚婦女(746), 淫亂真實(399), 姐姐(381), 單體作品(375), 多P(355), 素人作品(346), 口交(345), 女同性戀(345), VR(322), 淫語(291), 手淫(287), 白天出軌(278), 女上位(266), 數位馬賽克(249), 戲劇(212), 潮吹(212), 美乳(210), 其他戀物癖(209), 企畫(206), 自慰(205), 主觀視角(181), 凌辱(178), 亂倫(174), 女同接吻(170), 連褲襪(163), 調教(158), 肛門・肛交(138), 美臀(138), 大屁股(132), 拘束(130), 捆綁(127), 濫交(125), 美少女電影(123), 紀錄片(122), 16小時以上作品(120), 美容院(117), 強姦(114), 乳交(109), 出軌(108), 美少女(106), 舔陰(105), OL(105), 女教師(103), 羞恥(94), 各種職業(93), 苗條(92), 接吻(90), 局部特寫(89), 介紹影片(84), 戀腿癖(84), 妓女(80), 玩具(80), SM(78), M男(75), 放尿(74), 按摩(74), 戀物癖(71), 母親(71), 顏射(71), 新娘，年輕妻子(69), 內衣(69), 制服(65), 辣妹(63), 騎乗位(60), 跳舞(56), 業餘(56), 足交(54), 禮儀小姐(52), 緊縛(51), 第一人稱攝影(49), 高中女生(49), 護士(46), 乳液(45), 深喉(45), 女優按摩棒(43), 戀乳癖(43), 流汗(42), 輪姦(41), 處男(41), 短裙(39), 無毛(37), 角色扮演(37), 偷窺(36), 69(36), 巨大陰莖(36), 家教(35), 正太控(35), 吞精(35), 監禁(34), 戶外(34), 藥物(32), 婆婆(32), 妄想(31), 故事集(30), 手指插入(30), 迷你裙(29), 女裝人妖(28), 性感的(28), 眼鏡(28), 和服，喪服(27), 女檢察官(27), 4K(26), 性騷擾(25), 角色扮演者(24), 給女性觀眾(24), 變性者(24), 女戰士(23), 催眠(22), 惡作劇(21), 戰鬥行動(21), 學校泳裝(20), 藝人(20), 倒追(19), 泳裝(18), 戀愛(18), 緊身衣(18), 按摩棒(17), 妹妹(17), 猥褻穿著(16), 情侶(16), 獵豔(16), 賽車女郎(15), 女傭(15), 魔鬼系(14), 格鬥家(14), 空中小姐(14), 溫泉(13), 老闆娘，女主人(13), 秘書(13), 感謝祭(12), 寡婦(12), 校服(12), 身體意識(12), 浴衣(11), 殘忍畫面(11), 飲尿(11), 黑人演員(11), 特效(11), 平胸(11), 3D(11), 學校作品(10), 立即口交(10), 薄馬賽克(10), 高挑(9), 女醫生(9), 爛醉如泥的(9), 胖女人(9), 超乳(9), 運動(8), 偶像(8), 展場女孩(8), 女主播(8), 蘿莉塔(7), 大小姐(7), 插入異物(7), 教學(7), 運動短褲(7), 女大學生(6), 子宮頸(6), 跳蛋(6), 講師(6), 汽車性愛(5), 水手服(5), 兔女郎(4), 重印版(4), 投稿(3), 模特兒(3), 肌肉(3), 首次亮相(3), 母乳(3), 伴侶(3), 拳交(3), 洗澡(3), 女忍者(3), 觸摸打字(2), 行動(2), 絲襪、過膝襪(2), HDTV(2), 裸體圍裙(2), 動畫人物(2), 性轉換·女體化(2), 旗袍(2), 鴨嘴(2), 娃娃(2), 觸手(2), 原作改編(2), 服務生(2), 貓耳女(2), 蠻橫嬌羞(1), 泡泡襪(1), 瘦小身型(1), 車掌小姐(1), 公主(1), 迷你裙警察(1), 處女(1), 童年朋友(1), 亞洲女演員(1), 雙性人(1)"
"紗倉真菜, 紗倉まな",https://javdb.com/actors/J9dd,,,"全部, 可播放, 單體作品, 含磁鏈, 含字幕, 中出(58), 單體作品(50), 巨乳(38), 4小時以上作品(38), VR(35), 介紹影片(34), 蕩婦(33), 美少女電影(32), 精選綜合(30), 多P(28), 藝人(25), 素人作品(21), 美少女(21), 戲劇(20), 白天出軌(18), 紀錄片(16), 濫交(16), 口交(15), 企畫(15), 其他戀物癖(15), 淫亂真實(14), 女上位(14), 接吻(13), 姐姐(13), 拘束(13), 淫語(13), 主觀視角(12), 已婚婦女(11), 美乳(11), 女同性戀(10), 第一人稱攝影(9), 凌辱(9), 高中女生(9), 美容院(8), 數位馬賽克(8), 4K(7), 無碼破解(7), 局部特寫(7), 泳裝(7), 輪姦(7), 出軌(7), 羞恥(7), 妹妹(7), 亂倫(7), 乳液(6), 吞精(6), 妓女(6), 自慰(6), 禮儀小姐(5), 玩具(5), 護士(5), OL(5), 處男(5), 藥物(5), 溫泉(5), 調教(5), 手淫(5), 蘿莉塔(5), 角色扮演(5), 無碼流出(4), 各種職業(4), 潮吹(4), 校服(4), 美臀(4), 制服(4), 業餘(4), 巨大陰莖(4), 深喉(4), 情侶(4), 催眠(4), 水手服(4), 流汗(3), 大屁股(3), 女教師(3), 強姦(3), 妄想(3), 短裙(3), 戶外(3), 顏射(3), 性騷擾(3), 苗條(3), 熟女(3), 和服，喪服(3), 偶像(3), M男(3), 偷窺(3), 首次亮相(2), 學校泳裝(2), 放尿(2), 乳交(2), 監禁(2), 家教(2), 內衣(2), 女優按摩棒(2), 立即口交(2), 新娘，年輕妻子(2), 戀愛(2), 戀物癖(2), 角色扮演者(2), 女大學生(2), 原作改編(1), 眼鏡(1), 感謝祭(1), 按摩(1), 女主播(1), 處女(1), 獵豔(1), 汽車性愛(1), 服務生(1), 浴衣(1), 女檢察官(1), 戰鬥行動(1), 大小姐(1), 辣妹(1), 舔陰(1), 女傭(1), 手指插入(1), 運動短褲(1), 3D(1), 子宮頸(1), 肛門・肛交(1), 連褲襪(1), 騎乗位(1), 倒追(1), 猥褻穿著(1), 按摩棒(1), 緊縛(1), 模特兒(1), 老闆娘，女主人(1), 迷你裙(1), 蠻橫嬌羞(1), 捆綁(1), 性感的(1)"
"北野未奈, 未奈",https://javdb.com/actors/ZXy46,,,"全部, 可播放, 單體作品, 含磁鏈, 含字幕, 巨乳(257), 中出(235), 單體作品(193), 精選綜合(183), 4小時以上作品(148), 蕩婦(126), VR(77), 口交(67), 淫亂真實(66), 女上位(61), 大屁股(57), 已婚婦女(57), 美少女電影(49), 乳交(46), 白天出軌(43), 熟女(35), 潮吹(31), 多P(25), 姐姐(24), 素人作品(22), 接吻(22), 主觀視角(21), 淫語(20), 手淫(19), 出軌(19), 無毛(18), 禮儀小姐(16), 16小時以上作品(15), 美臀(15), 美乳(14), 戀物癖(14), 戲劇(14), M男(14), 辣妹(13), 苗條(12), 顏射(11), 舔陰(11), 自慰(10), 濫交(10), 乳液(10), 放尿(10), 高中女生(9), OL(9), 流汗(9), 介紹影片(8), 美容院(8), 女同性戀(8), 戀乳癖(8), 騎乗位(7), 羞恥(7), 亂倫(7), 拘束(7), 各種職業(7), 肛門・肛交(6), 手指插入(6), 浴衣(6), 深喉(6), 原作改編(5), 內衣(5), 連褲襪(5), 第一人稱攝影(5), 女同接吻(5), 4K(5), 紀錄片(5), 玩具(5), 學校泳裝(4), 超乳(4), 感謝祭(4), 立即口交(4), 女大學生(4), 胖女人(4), 凌辱(3), 妹妹(3), 老闆娘，女主人(3), 局部特寫(3), 制服(3), 戀愛(3), 女傭(3), 吞精(3), 按摩(3), 女優按摩棒(3), 按摩棒(3), 惡作劇(3), 正太控(3), 角色扮演者(2), 母親(2), 藥物(2), 女教師(2), 偷窺(2), 眼鏡(2), 偶像(2), 巨大陰莖(2), 新娘，年輕妻子(2), 妄想(2), 監禁(2), 業餘(2), 緊縛(2), 倒追(2), 兔女郎(2), 緊身衣(1), 戶外(1), 故事集(1), 高挑(1), 平胸(1), 婆婆(1), 足交(1), 捆綁(1), 家教(1), 蠻橫嬌羞(1), 重印版(1), 跳蛋(1), 水手服(1), 運動(1), 女檢察官(1), 泳裝(1), 戀腿癖(1), 身體意識(1), 迷你裙(1), 69(1), 企畫(1), 女主播(1), 妓女(1), 護士(1), 情侶(1), 首次亮相(1)"
星乃莉子,https://javdb.com/actors/g038g,,,"全部, 可播放, 單體作品, 含磁鏈, 含字幕, 單體作品(36), 巨乳(24), 女上位(17), 多P(13), 4K(12), 中出(11), 素人作品(10), VR(8), 介紹影片(8), 戲劇(8), 角色扮演(6), 潮吹(6), 顏射(5), 苗條(5), 口交(5), 性感的(4), 偶像(4), 運動(3), 蕩婦(3), 第一人稱攝影(3), 泳裝(3), 首次亮相(3), 淫亂真實(3), 女同性戀(2), 紀錄片(2), 乳液(2), 羞恥(2), 白天出軌(2), 接吻(2), 主觀視角(2), 吞精(2), 業餘(2), 各種職業(1), 4小時以上作品(1), 和服，喪服(1), 肌肉(1), 企畫(1), 流汗(1), 美少女(1), 美容院(1), OL(1), 護士(1), 眼鏡(1), 運動短褲(1), 美乳(1), 制服(1), 藥物(1), 女傭(1), 女大學生(1), 拘束(1), 美少女電影(1), 戶外(1), 情侶(1), 感謝祭(1)"
小湊よつ葉,https://javdb.com/actors/yr3X0,,,"全部, 可播放, 單體作品, 含磁鏈, 含字幕, 單體作品(25), 4K(21), 戲劇(15), 苗條(13), 美少女(12), 中出(11), 紀錄片(11), 素人作品(9), 第一人稱攝影(8), 偶像(7), 多P(6), 白天出軌(5), 已婚婦女(5), 戰鬥行動(5), 淫亂真實(4), 潮吹(4), 接吻(4), VR(4), 女同性戀(3), 首次亮相(3), 美少女電影(3), 介紹影片(2), 性感的(2), 顏射(2), 美乳(2), 企畫(2), 角色扮演(2), 流汗(2), 巨大陰莖(1), 情侶(1), 業餘(1), OL(1), 戶外(1), 老闆娘，女主人(1), 洗澡(1), 婆婆(1), 姐姐(1), 乳液(1), 玩具(1), 主觀視角(1), 口交(1), 立即口交(1), 家教(1), 女主播(1), 女上位(1)"
逢沢みゆ,https://javdb.com/actors/zK98J,,,"全部, 可播放, 單體作品, 含磁鏈, 含字幕, 單體作品(62), 美少女電影(38), 中出(36), 巨乳(20), 精選綜合(18), VR(16), 蕩婦(13), 女上位(13), 口交(13), 高中女生(12), 接吻(12), 4小時以上作品(11), 淫亂真實(11), 偶像(11), 美乳(10), 多P(8), 制服(7), 白天出軌(7), 苗條(7), 潮吹(7), 戲劇(6), 已婚婦女(5), 流汗(5), 主觀視角(5), 姐姐(4), 深喉(4), 乳液(4), 各種職業(3), 乳交(3), 角色扮演者(3), 素人作品(3), 手淫(3), 巨大陰莖(3), 大屁股(3), 出軌(3), 美容院(3), M男(2), 短裙(2), 熟女(2), 凌辱(2), 原作改編(2), 第一人稱攝影(2), 介紹影片(2), 性感的(2), 無毛(2), OL(2), 自慰(2), 16小時以上作品(2), 泳裝(2), 妹妹(2), 淫語(2), 情侶(2), 紀錄片(2), 舔陰(1), 女優按摩棒(1), 玩具(1), 按摩(1), 和服，喪服(1), 女同接吻(1), 女同性戀(1), 裸體圍裙(1), 護士(1), 濫交(1), 惡作劇(1), 水手服(1), 學校作品(1), 故事集(1), 女檢察官(1), 學校泳裝(1), 子宮頸(1), 藥物(1), 運動短褲(1), 美臀(1), 羞恥(1), 顏射(1), 女傭(1), 首次亮相(1)"
田野憂,https://javdb.com/actors/8VOMx,,,"全部, 可播放, 單體作品, 含磁鏈, 含字幕, 巨乳(25), 單體作品(22), 精選綜合(21), 乳交(20), 美少女電影(18), 4小時以上作品(17), 超乳(17), 淫亂真實(12), 戀乳癖(10), 主觀視角(9), 苗條(8), 紀錄片(6), 素人作品(6), VR(6), 潮吹(6), 女上位(5), 偶像(5), 16小時以上作品(4), 白天出軌(4), 介紹影片(3), 美容院(3), 接吻(3), 口交(2), 濫交(2), 蕩婦(2), 制服(2), 美乳(2), 猥褻穿著(2), 乳液(2), 多P(2), 感謝祭(1), OL(1), 惡作劇(1), 大屁股(1), 女傭(1), 妹妹(1), 戀物癖(1), 拘束(1), 巨大陰莖(1), 子宮頸(1), 戲劇(1), 情侶(1), 第一人稱攝影(1), 女優按摩棒(1), 放尿(1), 高中女生(1), 首次亮相(1)"
瀬戸環奈,https://javdb.com/actors/neRNX,,,"全部, 可播放, 單體作品, 含磁鏈, 含字幕, 巨乳(9), 單體作品(8), 偶像(6), 乳交(6), 4小時以上作品(4), 美少女電影(4), 戀乳癖(3), 主觀視角(2), 多P(2), 顏射(2), 苗條(2), 高中女生(1), 制服(1), 超乳(1), 美乳(1), 精選綜合(1), M男(1), 手淫(1), 禮儀小姐(1), 淫亂真實(1), 介紹影片(1), 第一人稱攝影(1), 玩具(1), 首次亮相(1)"
"美谷朱里, 美谷あかり, 谷坂かな, 吉見いりあ, 仁科璃々, 三上江里, 美谷朱音",https://javdb.com/actors/gyRE,,,"全部, 可播放, 單體作品, 含磁鏈, 含字幕, 中出(602), 精選綜合(506), 4小時以上作品(418), VR(295), 單體作品(251), 蕩婦(241), 美少女電影(233), 巨乳(183), 苗條(179), 口交(167), 女上位(165), 素人作品(142), 美乳(120), 白天出軌(112), 已婚婦女(110), 主觀視角(96), 淫亂真實(88), 戲劇(83), 姐姐(82), 美少女(79), 多P(76), 大屁股(76), 業餘(72), 接吻(72), 潮吹(69), 淫語(65), 美臀(63), 高中女生(59), 手淫(58), 企畫(56), 女同性戀(54), 第一人稱攝影(51), 顏射(43), 介紹影片(43), 戀物癖(40), 數位馬賽克(40), 女大學生(38), 女同接吻(37), 熟女(37), 獵豔(35), 羞恥(34), 16小時以上作品(33), OL(32), 制服(31), HDTV(30), 濫交(30), 紀錄片(30), 凌辱(29), M男(27), 玩具(27), 出軌(26), 亂倫(26), 深喉(26), 自慰(25), 高挑(24), 拘束(24), 角色扮演者(22), 連褲襪(22), 按摩(21), 妹妹(20), 偶像(19), 禮儀小姐(19), 流汗(19), 調教(19), 女優按摩棒(18), 美容院(17), 護士(17), 吞精(17), 偷窺(17), 各種職業(17), 肛門・肛交(16), 校服(16), 妓女(16), 無碼破解(15), 女教師(15), 巨大陰莖(15), 戀腿癖(15), 舔陰(14), 捆綁(14), 輪姦(13), 藥物(13), 處男(13), 足交(13), 乳交(13), 藝人(13), 內衣(12), 局部特寫(12), 短裙(12), 乳液(12), 手指插入(11), 新娘，年輕妻子(10), 強姦(10), 童年朋友(9), 學校泳裝(9), 妄想(9), 其他戀物癖(9), SM(8), 性騷擾(8), 立即口交(8), 迷你裙(8), 騎乗位(8), 辣妹(8), 性感的(7), 處女(7), 瘦小身型(7), 感謝祭(7), 角色扮演(7), 黑人演員(6), 無毛(6), 空中小姐(6), 緊縛(6), 浴衣(6), 眼鏡(6), 3D(6), 魔鬼系(6), 故事集(6), 兩女一男(5), 放尿(5), 跳舞(5), 平胸(5), 溫泉(5), 蠻橫嬌羞(5), 兔女郎(5), 泳裝(5), 特效(5), 女戰士(5), 兩男兩女(4), 教學(4), 戀愛(4), 69(4), 正太控(4), 女醫生(4), 原作改編(4), 和服，喪服(4), 爛醉如泥的(4), 雙性人(4), 運動(3), 猥褻穿著(3), 變性者(3), 女檢察官(3), 戀乳癖(3), 水手服(3), 情侶(3), 按摩棒(3), 蘿莉塔(3), 戶外(3), 學校作品(3), 絲襪、過膝襪(3), 女傭(3), 4K(2), 無碼流出(2), 科幻(2), 共演(2), 性轉換·女體化(2), 服務生(2), 暗黑系(2), 倒追(2), 肌肉(2), 子宮頸(2), 惡作劇(2), 運動短褲(2), 催眠(2), 緊身衣(2), 婆婆(2), 跳蛋(2), 寡婦(1), 秘書(1), 超乳(1), 母親(1), 家教(1), 高跟鞋(1), 瑜伽·健身(1), 監禁(1), 拳交(1), 講師(1), 老闆娘，女主人(1), 模特兒(1), 裸體圍裙(1), 大小姐(1), 展場女孩(1), 投稿(1), 戰鬥行動(1), 首次亮相(1)"
河北彩花,https://javdb.com/actors/EvkJ,,,"全部, 可播放, 單體作品, 含磁鏈, 含字幕, 精選綜合(87), 4小時以上作品(78), 單體作品(77), 苗條(68), 美少女電影(67), 淫亂真實(56), 巨乳(52), VR(43), 口交(43), 接吻(43), 女上位(38), 蕩婦(19), 潮吹(19), 主觀視角(16), 顏射(14), 美乳(13), 薄馬賽克(13), 手淫(12), 淫語(11), 戲劇(11), 乳交(11), 白天出軌(9), 16小時以上作品(9), 多P(9), 紀錄片(8), 高挑(8), 濫交(6), 美少女(6), 偶像(5), 凌辱(5), 第一人稱攝影(5), 情侶(5), 乳液(5), 深喉(4), 流汗(4), 介紹影片(4), 巨大陰莖(3), 制服(3), 護士(3), 高中女生(3), 美容院(3), OL(3), 禮儀小姐(3), M男(2), 戀愛(2), 玩具(2), 中出(2), 子宮頸(2), 女教師(2), 家教(2), 連褲襪(2), 藥物(2), 首次亮相(2), 和服，喪服(1), 各種職業(1), 姐姐(1), 感謝祭(1), 學校泳裝(1), 學校作品(1), 旗袍(1), 拘束(1), 偷窺(1), 瘦小身型(1), 浴衣(1), 立即口交(1), 按摩(1), 3D(1), 素人作品(1), 4K(1), 戀乳癖(1), 妓女(1)"
"川上奈奈美, 川上奈々美",https://javdb.com/actors/pPBw,,,"全部, 可播放, 單體作品, 含磁鏈, 含字幕, 精選綜合(261), 4小時以上作品(173), 單體作品(140), 中出(133), 已婚婦女(109), 素人作品(104), 苗條(99), 白天出軌(71), 凌辱(70), 蕩婦(60), 顏射(59), 口交(58), 戲劇(55), 巨乳(52), 女上位(48), 美少女電影(38), 強姦(36), 淫亂真實(34), 美少女(32), 出軌(31), 手淫(30), 多P(29), 偶像(28), OL(26), 平胸(23), 女教師(22), 主觀視角(21), 亂倫(21), 姐姐(20), 熟女(16), 紀錄片(16), VR(16), 介紹影片(16), 調教(15), 羞恥(15), 深喉(15), 拘束(15), 潮吹(15), 立即口交(15), 美乳(13), 監禁(13), 高中女生(13), 藝人(12), 16小時以上作品(11), 流汗(11), 自慰(11), 淫語(11), 巨大陰莖(10), 數位馬賽克(10), 輪姦(10), 魔鬼系(10), M男(9), 舔陰(9), 接吻(9), 企畫(9), 各種職業(9), 偷窺(9), 戀物癖(8), 捆綁(8), 按摩(8), 女大學生(8), 乳液(7), 護士(7), 連褲襪(7), 眼鏡(6), 感謝祭(6), 其他戀物癖(6), 玩具(6), 妹妹(6), 禮儀小姐(6), 美容院(6), 惡作劇(6), 處男(5), 乳交(5), 局部特寫(5), 妓女(5), 制服(5), SM(5), 校服(5), 情侶(4), 第一人稱攝影(4), 戀愛(4), 按摩棒(4), 角色扮演(4), 藥物(4), 講師(4), 學校泳裝(4), 新娘，年輕妻子(4), 濫交(4), 肛門・肛交(3), 母親(3), 絲襪、過膝襪(3), 內衣(3), 女同性戀(3), 辣妹(3), 性騷擾(3), 女主播(3), 手指插入(3), 放尿(3), 運動(3), 運動短褲(3), 戶外(3), 暗黑系(2), 殘忍畫面(2), 女同接吻(2), 大屁股(2), 美臀(2), 家教(2), 婆婆(2), 首次亮相(2), 戀腿癖(2), 蠻橫嬌羞(2), 跳蛋(2), 秘書(2), 格鬥家(2), 服務生(2), 女優按摩棒(2), 正太控(2), 爛醉如泥的(2), 故事集(2), 泳裝(2), 和服，喪服(2), 女檢察官(2), 妄想(2), 足交(2), 重印版(1), 黑人演員(1), 性轉換·女體化(1), 吞精(1), 角色扮演者(1), 女傭(1), 童年朋友(1), 浴衣(1), 寡婦(1), 69(1), 跳舞(1), 學校作品(1), 催眠(1), 猥褻穿著(1), 科幻(1), 水手服(1)"
"七澤美亞, 七沢みあ",https://javdb.com/actors/NPD3,,,"全部, 可播放, 單體作品, 含磁鏈, 含字幕, 美少女電影(138), 4小時以上作品(116), 精選綜合(97), 蕩婦(84), 單體作品(82), 口交(48), 苗條(48), 中出(43), 淫亂真實(36), 女上位(33), 淫語(31), 手淫(29), 潮吹(29), 接吻(27), 巨乳(25), 高中女生(24), 顏射(22), 介紹影片(16), 美乳(16), 數位馬賽克(15), 白天出軌(14), 美少女(14), 制服(13), 戀物癖(13), 多P(13), 凌辱(12), 主觀視角(12), M男(11), 瘦小身型(11), VR(11), 辣妹(10), 流汗(9), 放尿(9), 美臀(9), 深喉(8), 美容院(8), 妹妹(8), 素人作品(7), 童年朋友(7), 角色扮演者(6), 女大學生(6), 濫交(5), 拘束(5), 紀錄片(5), 女傭(5), 羞恥(5), 第一人稱攝影(4), 平胸(4), 偶像(4), 處男(4), 按摩(4), 藝人(4), 乳液(4), 校服(4), 蘿莉塔(4), 護士(3), 浴衣(3), 局部特寫(3), OL(3), 感謝祭(3), 大屁股(3), 亂倫(3), 監禁(3), 性騷擾(3), 蠻橫嬌羞(3), 玩具(2), 禮儀小姐(2), 性感的(2), 舔陰(2), 乳交(2), 原作改編(2), 戲劇(2), 吞精(2), 家教(2), 內衣(2), 輪姦(2), 肛門・肛交(2), 妓女(2), 短裙(2), 調教(2), SM(1), 大小姐(1), 情侶(1), 女醫生(1), 眼鏡(1), 巨大陰莖(1), 泳裝(1), 教學(1), 足交(1), 戀腿癖(1), 高挑(1), 秘書(1), 出軌(1), 子宮頸(1), 自慰(1), 4K(1), 16小時以上作品(1), 3D(1), 戀愛(1), 學校作品(1), 連褲襪(1), 女教師(1), 首次亮相(1), 角色扮演(1), 運動短褲(1), 學校泳裝(1)"
"桃乃木香奈, 桃乃木かな, 松嶋真麻",https://javdb.com/actors/0dKX,,,"全部, 可播放, 單體作品, 含磁鏈, 含字幕, 精選綜合(140), 巨乳(107), 4小時以上作品(102), 單體作品(89), 美少女電影(68), 口交(65), 數位馬賽克(63), 美少女(61), 蕩婦(52), VR(40), 白天出軌(37), 接吻(34), 潮吹(34), 中出(31), 苗條(29), 女上位(29), 姐姐(27), 凌辱(24), 淫亂真實(22), 流汗(20), 主觀視角(19), 戲劇(16), 第一人稱攝影(15), 高中女生(14), 濫交(14), 藝人(13), 淫語(13), 顏射(12), 多P(11), 偷窺(11), 蘿莉塔(11), 偶像(10), 美容院(10), 調教(10), 妓女(10), 妹妹(10), OL(9), 紀錄片(9), 手淫(9), 素人作品(8), 已婚婦女(8), 禮儀小姐(7), 強姦(7), 校服(7), 放尿(7), 16小時以上作品(6), 深喉(6), 乳交(6), 羞恥(6), 介紹影片(6), 無毛(6), 女教師(5), 美乳(5), 首次亮相(5), 角色扮演者(4), 護士(4), 拘束(4), 情侶(4), 乳液(4), 輪姦(4), 捆綁(4), 肛門・肛交(3), 美臀(3), 獵豔(3), 處男(3), 大屁股(3), 角色扮演(3), 瘦小身型(3), 監禁(2), 按摩(2), 連褲襪(2), 制服(2), 學校泳裝(2), 戀乳癖(2), 貓耳女(2), 運動短褲(2), 感謝祭(2), 泳裝(2), 絲襪、過膝襪(2), 眼鏡(2), SM(1), 足交(1), 戀腿癖(1), 教學(1), 辣妹(1), 兔女郎(1), 各種職業(1), 巨大陰莖(1), 4K(1), 性感的(1), 戀物癖(1), 女優按摩棒(1), 新娘，年輕妻子(1), 和服，喪服(1), 女檢察官(1), 家教(1), 浴衣(1), 女大學生(1), 超乳(1), 女傭(1), 立即口交(1), 薄馬賽克(1), 魔鬼系(1), 戶外(1), 娃娃(1), 猥褻穿著(1), M男(1), 婆婆(1), 熟女(1), 按摩棒(1), 惡作劇(1), 亂倫(1)"
"神宮寺奈緒, 神宮寺ナオ, 神谷千春, 神宮寺寧々, 岡田みつき, 財前玲奈, 神宮寺なお, 松岡芽郁, 池田充希",https://javdb.com/actors/ZzNm,,,"全部, 可播放, 單體作品, 含磁鏈, 含字幕, 中出(297), 精選綜合(250), 4小時以上作品(247), 巨乳(184), 已婚婦女(165), 單體作品(150), 熟女(140), 美少女電影(97), 蕩婦(84), 白天出軌(82), 口交(69), 素人作品(52), 女上位(52), VR(51), 淫亂真實(47), 大屁股(46), 企畫(39), 戲劇(38), 美少女(38), 業餘(37), 美乳(36), 姐姐(36), 多P(36), 女大學生(34), 高中女生(34), 出軌(31), 羞恥(31), 美臀(30), 凌辱(26), 苗條(25), 獵豔(23), 第一人稱攝影(22), 淫語(22), 妹妹(22), 介紹影片(21), 手淫(21), OL(21), 潮吹(21), 接吻(20), 濫交(20), 數位馬賽克(20), 顏射(19), 偷窺(18), 亂倫(18), 16小時以上作品(17), 制服(17), 紀錄片(17), 乳交(16), 連褲襪(16), M男(15), 各種職業(15), 自慰(15), 女優按摩棒(15), 主觀視角(14), 校服(14), HDTV(13), 無毛(13), 戀物癖(12), 女同性戀(12), 玩具(12), 乳液(11), 按摩(11), 放尿(11), 眼鏡(11), 禮儀小姐(10), 偶像(10), 美容院(10), 處男(10), 運動短褲(10), 深喉(10), 浴衣(9), 護士(9), 性騷擾(9), 巨大陰莖(8), 調教(8), 女教師(8), 惡作劇(8), 角色扮演者(7), 流汗(7), 藥物(7), 女同接吻(7), 短裙(7), 瘦小身型(6), 迷你裙(6), 輪姦(6), 局部特寫(6), 拘束(6), 強姦(6), 平胸(5), 按摩棒(5), 捆綁(5), 和服，喪服(5), 舔陰(5), 水手服(5), 肛門・肛交(5), 新娘，年輕妻子(5), 童年朋友(5), 蠻橫嬌羞(5), 其他戀物癖(5), 學校泳裝(5), 內衣(4), 原作改編(4), 戀愛(4), 特效(4), 戰鬥行動(4), 藝人(4), 兔女郎(4), 泳裝(4), 溫泉(4), 秘書(4), 手指插入(4), 爛醉如泥的(4), 運動(4), 吞精(4), 高挑(3), 立即口交(3), 女檢察官(3), SM(3), 3D(3), 感謝祭(3), 黑人演員(3), 魔鬼系(3), 妓女(3), 猥褻穿著(3), 角色扮演(3), 蘿莉塔(3), 教學(2), 性感的(2), 4K(2), 情侶(2), 故事集(2), 跳蛋(2), 女戰士(2), 正太控(2), 飲尿(2), 處女(2), 女主播(2), 戶外(2), 監禁(2), 首次亮相(2), 老闆娘，女主人(1), 超乳(1), 戀腿癖(1), 戀乳癖(1), 插入異物(1), 騎乗位(1), 胖女人(1), 家教(1), 辣妹(1), 拳交(1), 肌肉(1), 跳舞(1), 學校作品(1), 投稿(1)"
伊藤舞雪,https://javdb.com/actors/YgJx,,,"全部, 可播放, 單體作品, 含磁鏈, 含字幕, 精選綜合(193), 中出(180), 單體作品(131), 4小時以上作品(130), 巨乳(124), 美少女電影(117), VR(103), 淫亂真實(95), 接吻(55), 女上位(42), 乳交(42), 蕩婦(38), 苗條(37), 紀錄片(36), 白天出軌(35), 戲劇(32), 潮吹(31), 素人作品(30), 主觀視角(29), 口交(28), 介紹影片(23), 淫語(20), 美乳(18), 顏射(17), 美少女(17), 多P(11), 出軌(10), 手淫(10), 16小時以上作品(9), 深喉(8), 偶像(8), 禮儀小姐(8), 濫交(8), 凌辱(7), 已婚婦女(7), 美臀(7), 第一人稱攝影(7), 性感的(7), 美容院(7), 姐姐(6), 流汗(6), 制服(5), 處男(5), 浴衣(5), 戀乳癖(5), 高中女生(5), OL(4), 高挑(4), 亂倫(4), 子宮頸(4), 女大學生(4), 乳液(4), 按摩(4), 大屁股(3), 辣妹(3), 巨大陰莖(3), 情侶(3), 內衣(3), 羞恥(3), 女教師(3), 局部特寫(3), 校服(3), 偷窺(3), 拘束(3), 原作改編(3), 性騷擾(3), 4K(2), 護士(2), 無毛(2), 學校泳裝(2), 猥褻穿著(2), 妓女(2), 藝人(2), 戀物癖(1), 倒追(1), 運動短褲(1), 家教(1), 女傭(1), 足交(1), 戀腿癖(1), 迷你裙(1), 暗黑系(1), 魔鬼系(1), 蠻橫嬌羞(1), 和服，喪服(1), 監禁(1), 泳裝(1), 空中小姐(1), 角色扮演者(1), 兔女郎(1), 女同接吻(1), 妹妹(1), 放尿(1), 模特兒(1), 新娘，年輕妻子(1), 3D(1), 感謝祭(1), 業餘(1), 輪姦(1), 強姦(1), 首次亮相(1)"
"麻美由真, 麻美ゆま",https://javdb.com/actors/ex3z,,,"全部, 可播放, 單體作品, 含磁鏈, 含字幕, 巨乳(468), 精選綜合(427), 女上位(229), 薄馬賽克(120), 多P(105), 乳交(102), 顏射(91), 潮吹(89), 4小時以上作品(80), 素人作品(68), 美少女(60), 口交(58), 手指插入(58), 偶像(51), 其他戀物癖(51), 強姦(50), 手淫(50), 單體作品(49), 蕩婦(43), 藝人(40), 凌辱(37), 淫亂真實(34), 濫交(28), 拘束(25), 角色扮演(24), 美臀(23), 企畫(22), 美乳(22), 戶外(20), 戀乳癖(19), 數位馬賽克(18), 女教師(17), 已婚婦女(17), 淫語(17), 介紹影片(16), 乳液(16), 69(15), 主觀視角(15), 羞恥(15), 妓女(14), 美少女電影(13), 舔陰(12), 深喉(12), 高中女生(12), 新娘，年輕妻子(11), 捆綁(10), 立即口交(10), OL(10), 戲劇(10), 亂倫(9), 各種職業(9), 泳裝(9), 浴衣(8), 性騷擾(8), 護士(8), 足交(7), 放尿(7), 自慰(7), 苗條(7), 制服(7), 接吻(6), 首次亮相(6), 肛門・肛交(6), 講師(6), 吞精(6), 姐姐(6), 16小時以上作品(5), 連褲襪(5), 內衣(5), 局部特寫(5), 超乳(5), 處男(5), 大屁股(4), 巨大陰莖(4), 美容院(4), 騎乗位(4), 戀腿癖(4), 女優按摩棒(4), 中出(4), 出軌(4), 業餘(4), 魔鬼系(4), 給女性觀眾(3), 熟女(3), 輪姦(3), 妹妹(3), 紀錄片(3), SM(3), 女同性戀(3), 身體意識(3), 感謝祭(3), 緊身衣(3), 調教(3), 和服，喪服(3), 重印版(3), 3D(3), M男(2), 女傭(2), 寡婦(2), 催眠(2), 校服(2), 第一人稱攝影(2), 女大學生(2), 獵豔(2), 家教(2), 玩具(2), 女檢察官(2), 學校作品(2), 車掌小姐(2), 全裸(2), 露出(2), 洗澡(2), 偷窺(2), 藥物(2), 教學(2), 白天出軌(2), 按摩棒(2), 秘書(2), 性愛(2), 成人電影(2), 暗黑系(1), 殘忍畫面(1), 辣妹(1), 角色扮演者(1), 平胸(1), 公主(1), 泡泡襪(1), 恐怖(1), 情侶(1), 妄想(1), 滑稽模仿(1), 流汗(1), 女醫生(1), 惡作劇(1), 運動(1), 老闆娘，女主人(1), 按摩(1), 緊縛(1), 服務生(1), 學校泳裝(1), 眼鏡(1), 水手服(1), 無毛(1), 禮儀小姐(1), 母親(1), 戰鬥行動(1), 故事集(1), 裸體圍裙(1), 戀物癖(1), 明星臉(1), 迷你裙(1), 監禁(1), 子宮頸(1)"
"篠田優, 篠田ゆう, 篠崎ゆう子, 中山ユウ, 高木早希, 桧山彩音, 橋本真紀, 松島智子, 秋元優子, 城田優子, 白井ゆう",https://javdb.com/actors/WE4e,,,"全部, 可播放, 單體作品, 含磁鏈, 含字幕, 中出(815), 精選綜合(783), 4小時以上作品(757), 巨乳(687), 已婚婦女(465), 蕩婦(396), 企畫(241), 素人作品(230), 單體作品(229), VR(206), 姐姐(203), 大屁股(198), 熟女(193), 口交(192), 白天出軌(187), 美臀(186), 女上位(181), 淫亂真實(178), 多P(143), 手淫(126), 主觀視角(125), 美乳(120), 淫語(120), 戲劇(115), 其他戀物癖(109), 業餘(107), 女同性戀(102), 高中女生(96), 潮吹(93), 美少女電影(89), 出軌(88), 苗條(87), 美少女(87), OL(86), 數位馬賽克(84), 肛門・肛交(83), 自慰(80), 亂倫(75), 按摩(68), 凌辱(65), 戀物癖(64), 美容院(60), 16小時以上作品(59), 濫交(59), 介紹影片(56), 調教(52), M男(52), 局部特寫(50), 制服(49), 拘束(48), 偷窺(47), 乳交(47), 紀錄片(46), 顏射(45), 內衣(45), 各種職業(44), 羞恥(43), 接吻(43), 女同接吻(43), 短裙(42), 第一人稱攝影(39), 連褲襪(38), 妹妹(37), 放尿(37), 禮儀小姐(36), 女教師(35), 捆綁(35), 校服(35), 吞精(33), 藥物(32), 強姦(32), 玩具(31), 處男(31), 舔陰(31), 護士(31), 性騷擾(30), 流汗(29), 戀乳癖(29), 深喉(29), 妓女(29), 乳液(29), 和服，喪服(29), SM(28), 角色扮演(26), 獵豔(24), 女大學生(24), 騎乗位(23), 足交(23), 戀腿癖(23), 新娘，年輕妻子(22), 故事集(22), 母親(21), 跳舞(20), 迷你裙(20), 辣妹(19), 女優按摩棒(18), 手指插入(18), 溫泉(18), 泳裝(18), 戀愛(17), HDTV(17), 眼鏡(17), 妄想(17), 巨大陰莖(16), 情侶(16), 藝人(16), 蘿莉塔(15), 婆婆(14), 給女性觀眾(13), 輪姦(13), 按摩棒(13), 特效(13), 運動短褲(13), 催眠(13), 女戰士(13), 浴衣(12), 監禁(12), 學校泳裝(11), 黑人演員(11), 女傭(11), 老闆娘，女主人(11), 偶像(10), 感謝祭(10), 魔鬼系(10), 3D(9), 戶外(9), 猥褻穿著(9), 緊縛(9), 角色扮演者(8), 戰鬥行動(8), 家教(8), 性感的(8), 無毛(8), 女檢察官(8), 飲尿(8), 空中小姐(8), 69(8), 原作改編(7), 插入異物(7), 正太控(7), 爛醉如泥的(7), 學校作品(7), 二穴同入(6), 緊身衣(6), 立即口交(6), 倒追(6), 洗澡(6), 女醫生(5), 胖女人(4), 童年朋友(4), 高挑(4), 恐怖(4), 超乳(4), 女主播(4), 運動(4), 教學(3), 瘦小身型(3), 講師(3), 薄馬賽克(3), 汽車性愛(3), 投稿(3), 秘書(3), 旗袍(3), 惡作劇(3), 展場女孩(3), 水手服(3), 觸手(3), 殘忍畫面(3), 娃娃(2), 肌肉(2), 蠻橫嬌羞(2), 灌腸(2), 平胸(2), 伴侶(2), 大小姐(2), 兔女郎(2), 身體意識(2), 模特兒(2), 其他學生(2), 首次亮相(2), 4K(1), 重印版(1), 無碼破解(1), 公主(1), 素人(1), 拳交(1), 觸摸打字(1), 行動(1), 裸體圍裙(1), 跳蛋(1), 雙性人(1), 制服外套(1), 正常(1), 寡婦(1), 性轉換·女體化(1), 子宮頸(1), 泡泡襪(1)"
"三上悠亜, 三上悠亞, 鬼头桃菜",https://javdb.com/actors/Av2e,,,"全部, 可播放, 單體作品, 含磁鏈, 含字幕, 巨乳(198), 精選綜合(162), 4小時以上作品(126), 偶像(75), 美少女電影(69), 單體作品(67), 淫亂真實(65), 藝人(47), 接吻(42), 薄馬賽克(40), VR(39), 乳交(39), 潮吹(34), 苗條(33), 女上位(27), 口交(26), 蕩婦(25), 美少女(25), 主觀視角(23), 紀錄片(22), 白天出軌(20), 美乳(15), 素人作品(14), 16小時以上作品(13), 顏射(12), 手淫(12), 淫語(11), 濫交(11), 乳液(11), 流汗(9), 戀乳癖(9), 深喉(8), 第一人稱攝影(7), 戲劇(7), OL(6), 女教師(6), 禮儀小姐(6), 美容院(6), 感謝祭(6), 處男(5), 多P(5), 拘束(5), 按摩(5), 巨大陰莖(5), 短裙(4), 強姦(4), 已婚婦女(3), 高中女生(3), 女傭(3), 子宮頸(3), 立即口交(3), 輪姦(3), 凌辱(3), 妓女(3), 偷窺(3), 超乳(3), 制服(2), 玩具(2), 戀物癖(2), 亂倫(2), 浴衣(2), 中出(2), 藥物(2), M男(2), 美臀(2), 戀腿癖(2), 新娘，年輕妻子(2), 性騷擾(2), 捆綁(2), 調教(2), 介紹影片(2), 角色扮演(2), 其他戀物癖(2), 局部特寫(2), 自慰(2), 姐姐(1), 護士(1), 出軌(1), 舔陰(1), 猥褻穿著(1), 情侶(1), 角色扮演者(1), 學校泳裝(1), 女大學生(1), 羞恥(1), 內衣(1), 放尿(1), 數位馬賽克(1), 女優按摩棒(1), 大屁股(1), 妹妹(1), 首次亮相(1), 獵豔(1)"
"若宮穂乃, 向井夏海, 大島すず, 赤堀真凛, 田村麻里奈, さやか, ほの",https://javdb.com/actors/YbD8,,,"全部, 可播放, 單體作品, 含磁鏈, 含字幕, 巨乳(259), 中出(227), 精選綜合(175), VR(141), 4小時以上作品(141), 單體作品(136), 素人作品(136), 美少女電影(93), 口交(69), 蕩婦(63), 乳交(62), 已婚婦女(52), 第一人稱攝影(48), 業餘(44), 女上位(41), 美乳(37), 多P(36), 高中女生(35), 顏射(35), 自慰(34), 企畫(32), 戀物癖(32), 姐姐(30), OL(30), 美臀(30), 制服(29), 主觀視角(28), 淫亂真實(26), 羞恥(26), 亂倫(25), 潮吹(24), 大屁股(24), 妹妹(22), 女大學生(22), 紀錄片(22), 戲劇(21), 白天出軌(20), 介紹影片(19), 淫語(19), 無毛(19), 苗條(19), 手淫(18), 角色扮演者(18), 16小時以上作品(15), 局部特寫(15), 接吻(15), 玩具(14), M男(13), 乳液(13), 連褲襪(13), 拘束(13), 按摩(13), 戀乳癖(13), 特效(12), 眼鏡(12), 女戰士(11), 凌辱(11), 女優按摩棒(11), 按摩棒(11), 護士(11), 舔陰(11), 禮儀小姐(11), 獵豔(10), 偷窺(10), 女同性戀(9), 藥物(9), 吞精(9), 出軌(8), 魔鬼系(8), 熟女(8), 捆綁(8), 胖女人(8), 女教師(7), 女同接吻(7), 校服(7), 處男(7), 肛門・肛交(7), 深喉(7), 4K(6), 跳舞(6), 辣妹(6), 戀腿癖(6), 戶外(6), 給女性觀眾(6), 各種職業(6), 新娘，年輕妻子(6), 流汗(6), 和服，喪服(6), 內衣(6), 緊縛(5), 處女(5), 手指插入(5), 巨大陰莖(5), HDTV(5), 濫交(5), 童年朋友(5), 迷你裙(5), 故事集(5), 浴衣(5), 戰鬥行動(4), 倒追(4), 美容院(4), 美少女(4), 高挑(4), 偶像(4), 騎乗位(4), 感謝祭(4), 立即口交(4), 學校作品(4), 秘書(4), 短裙(4), 瘦小身型(4), 69(3), 平胸(3), 行動(3), 猥褻穿著(3), 超乳(3), 泳裝(3), 學校泳裝(3), 運動短褲(3), 母親(3), 惡作劇(3), 足交(3), 戀愛(3), 數位馬賽克(3), 跳蛋(2), 女傭(2), 成人電影(2), 性感的(2), 兔女郎(2), 原作改編(2), 妄想(1), SM(1), 殘忍畫面(1), 觸手(1), 婆婆(1), 講師(1), 監禁(1), 教學(1), 運動(1), 蠻橫嬌羞(1), 旗袍(1), 格鬥家(1), 裸體圍裙(1), 國外進口(1), 蘿莉塔(1), 強姦(1), 性愛(1), 其他戀物癖(1), 身體意識(1), 娃娃(1), 角色扮演(1), 正太控(1), 水手服(1), 肌肉(1), 女醫生(1), 伴侶(1), 首次亮相(1)"
"田中檸檬, 田中レモン, 楓カレン, 楓花戀, 枫花恋",https://javdb.com/actors/kzx6,,,"全部, 可播放, 單體作品, 含磁鏈, 含字幕, 精選綜合(108), 單體作品(90), 4小時以上作品(86), 口交(68), VR(48), 姐姐(47), 蕩婦(44), 苗條(43), 美少女電影(40), 接吻(38), 白天出軌(26), 女上位(25), 巨乳(23), 中出(20), 主觀視角(20), 潮吹(20), 流汗(19), 淫亂真實(16), 戲劇(13), 介紹影片(13), 凌辱(11), 顏射(9), 第一人稱攝影(9), 多P(9), 女教師(8), 淫語(8), 偶像(7), 護士(7), OL(6), 高中女生(5), 美乳(5), 禮儀小姐(5), 16小時以上作品(4), 已婚婦女(4), 深喉(4), 美容院(3), 情侶(3), 乳交(3), 手淫(3), 連褲襪(3), 戀腿癖(3), 足交(3), 素人作品(3), 首次亮相(3), 性感的(2), 高挑(2), 按摩(2), 學校泳裝(2), 肛門・肛交(2), 美臀(2), 新娘，年輕妻子(2), 紀錄片(2), 短裙(2), 和服，喪服(2), 角色扮演者(2), 自慰(2), 女傭(2), 放尿(2), 制服(2), 數位馬賽克(2), 美少女(2), 辣妹(1), 教學(1), 處男(1), 內衣(1), 運動短褲(1), 平胸(1), 拘束(1), 學校作品(1), 乳液(1), 立即口交(1), 巨大陰莖(1), 獵豔(1), 戀物癖(1), 家教(1), 偷窺(1), 羞恥(1), 戀乳癖(1), 浴衣(1), 妹妹(1), M男(1), 濫交(1), 眼鏡(1)"
"稻場流花, 稲場るか, 稲葉るか, 一ノ瀬迅, 南優里, るか, 莉々はるか",https://javdb.com/actors/vNKW,,,"全部, 可播放, 單體作品, 含磁鏈, 含字幕, 巨乳(714), 精選綜合(570), 中出(557), 4小時以上作品(458), VR(449), 美少女電影(276), 素人作品(196), 乳交(191), 單體作品(165), 蕩婦(157), 高中女生(124), 女上位(120), 淫亂真實(115), 口交(102), 無毛(91), 主觀視角(86), 多P(78), 美乳(74), 已婚婦女(68), 禮儀小姐(67), 業餘(65), 16小時以上作品(59), 戀物癖(58), 大屁股(55), 戀乳癖(55), 乳液(53), 顏射(49), 制服(46), 第一人稱攝影(43), 女大學生(41), 白天出軌(41), 角色扮演者(40), 介紹影片(39), 潮吹(39), 姐姐(36), 戲劇(35), 妹妹(34), 淫語(33), 手淫(32), 美臀(29), 自慰(29), 苗條(28), 女同性戀(28), 捆綁(27), 按摩(26), 接吻(26), 玩具(24), 凌辱(24), 拘束(24), 女優按摩棒(23), 企畫(23), M男(23), 校服(23), 女傭(23), 兩女一男(21), 女同接吻(21), 眼鏡(21), 熟女(21), 舔陰(20), 亂倫(20), 胖女人(19), 美容院(18), 瘦小身型(18), OL(17), 羞恥(17), 泳裝(16), 學校泳裝(15), 深喉(15), 偶像(15), 超乳(14), 肛門・肛交(14), 浴衣(14), 辣妹(13), 獵豔(13), 和服，喪服(13), 平胸(13), 濫交(13), 短裙(12), 各種職業(12), 紀錄片(12), 手指插入(12), 女教師(12), 內衣(11), HDTV(10), 按摩棒(10), 原作改編(10), 美少女(9), 騎乗位(9), 處男(9), 護士(8), 流汗(8), 藥物(8), 調教(8), 新娘，年輕妻子(8), 局部特寫(7), 出軌(7), 立即口交(7), 連褲襪(7), 絲襪、過膝襪(7), 監禁(7), 水手服(7), 吞精(7), 偷窺(6), 兔女郎(6), 家教(6), 運動(6), 緊縛(5), 感謝祭(5), 戀腿癖(5), 足交(5), 學校作品(5), 汽車性愛(5), 女檢察官(5), 蘿莉塔(4), 性感的(4), 高挑(4), 妄想(4), SM(4), 情侶(4), 老闆娘，女主人(4), 放尿(4), 惡作劇(4), 正太控(4), 共演(3), 69(3), 貓耳女(3), 蠻橫嬌羞(3), 迷你裙(3), 4K(3), 巨大陰莖(3), 母親(3), 運動短褲(3), 性騷擾(3), 跳舞(3), 黑人演員(3), 處女(3), 魔鬼系(3), 童年朋友(3), 戶外(3), 3D(3), 無碼破解(2), 靴子(2), 跳蛋(2), 大小姐(2), 子宮頸(2), 故事集(2), 旗袍(2), 投稿(2), 服務生(2), 倒追(2), 催眠(2), 猥褻穿著(2), 輪姦(2), 首次亮相(2), 兩男兩女(1), 給女性觀眾(1), 重印版(1), 婆婆(1), 曬黑(1), 感官作品(1), 變性者(1), 殘忍畫面(1), 角色扮演(1), 緊身衣(1), 妓女(1), 模特兒(1), 肌肉(1), 伴侶(1), 觸手(1), 戀愛(1), 爛醉如泥的(1)"
"吉根柚莉愛, 吉根ゆりあ, 吉永由梨",https://javdb.com/actors/0Bw3,,,"全部, 可播放, 單體作品, 含磁鏈, 含字幕, 巨乳(526), 中出(365), 精選綜合(329), 4小時以上作品(255), VR(218), 單體作品(217), 乳交(188), 蕩婦(147), 已婚婦女(114), 淫亂真實(103), 素人作品(73), 大屁股(69), 女上位(67), 戀乳癖(67), 美少女電影(64), 口交(62), 多P(58), 白天出軌(46), 超乳(41), 肛門・肛交(37), 主觀視角(37), 美乳(35), 禮儀小姐(34), 戀物癖(33), 16小時以上作品(32), 姐姐(32), 熟女(30), 無毛(28), 介紹影片(22), 胖女人(22), 乳液(22), 美臀(22), 手淫(20), 出軌(20), 潮吹(19), 自慰(17), 羞恥(16), 戲劇(16), 按摩(16), 濫交(15), 淫語(15), 接吻(15), OL(15), 第一人稱攝影(15), 深喉(14), 原作改編(14), 女教師(14), 妹妹(14), 顏射(14), 局部特寫(12), 美容院(12), 內衣(11), 紀錄片(10), 捆綁(10), 拘束(10), 亂倫(10), SM(9), 曬黑(9), 玩具(9), 凌辱(9), 苗條(8), 巨大陰莖(8), 手指插入(8), 角色扮演者(8), 企畫(8), 女同性戀(8), 流汗(8), 偷窺(7), 舔陰(7), 女同接吻(7), 浴衣(7), 正太控(7), 處男(6), 吞精(6), M男(6), 性感的(6), 業餘(6), 各種職業(6), 4K(5), 辣妹(5), 騎乗位(5), 母親(5), 妄想(5), 女大學生(5), 制服(4), 黑人演員(4), 新娘，年輕妻子(4), 女優按摩棒(4), 灌腸(4), 女檢察官(4), 監禁(4), 放尿(3), 偶像(3), 戀腿癖(3), 婆婆(3), 惡作劇(3), 高中女生(3), 連褲襪(2), 和服，喪服(2), 老闆娘，女主人(2), 魔鬼系(2), 寡婦(2), 護士(2), 感謝祭(2), 戶外(2), 兔女郎(2), 立即口交(2), 家教(2), 學校泳裝(2), 短裙(2), 首次亮相(2), 女戰士(1), 69(1), 蠻橫嬌羞(1), 教學(1), 平胸(1), 女傭(1), 裸體圍裙(1), 暗黑系(1), 殘忍畫面(1), 觸手(1), 跳舞(1), 眼鏡(1), 緊縛(1), 性轉換·女體化(1), 空中小姐(1), 猥褻穿著(1), 故事集(1), 倒追(1), 校服(1), 插入異物(1), 按摩棒(1), 運動(1), 情侶(1), 學校作品(1), 藥物(1), 秘書(1), 泳裝(1), 水手服(1), 女主播(1)"
"彌生美月, 弥生みづき, みつきちゃん, みづき, ゆき, 王柯りん",https://javdb.com/actors/Jekq,,,"全部, 可播放, 單體作品, 含磁鏈, 含字幕, 中出(620), 巨乳(417), 單體作品(391), 精選綜合(380), VR(358), 4小時以上作品(292), 蕩婦(280), 美少女電影(239), 素人作品(210), 大屁股(189), 口交(156), 女上位(137), 已婚婦女(134), 淫亂真實(127), 美臀(107), 高中女生(107), 多P(96), 業餘(88), 主觀視角(88), 潮吹(82), 白天出軌(79), 美乳(74), 戀物癖(67), 戲劇(66), 接吻(62), 淫語(62), 乳交(56), 姐姐(56), 顏射(54), 制服(53), 第一人稱攝影(53), OL(52), 苗條(47), 深喉(45), 女大學生(43), 手淫(42), 介紹影片(41), 無毛(41), 熟女(38), 女同性戀(37), M男(37), 自慰(37), 羞恥(34), 亂倫(34), 濫交(33), 16小時以上作品(32), 企畫(32), 妹妹(31), 戶外(31), 放尿(30), 美少女(29), 獵豔(28), 凌辱(28), 角色扮演者(28), 吞精(28), 4K(27), 局部特寫(27), 捆綁(27), 女同接吻(27), 乳液(27), 辣妹(26), 連褲襪(26), 出軌(25), 紀錄片(21), 按摩(21), 校服(21), 護士(20), 女優按摩棒(20), 短裙(20), 玩具(19), 美容院(19), 偷窺(19), 舔陰(19), SM(17), 禮儀小姐(16), 拘束(16), 騎乗位(15), 巨大陰莖(15), 戀腿癖(15), 戀愛(14), 肛門・肛交(13), 各種職業(13), 偶像(13), 流汗(13), 水手服(13), 原作改編(12), 女傭(12), 情侶(12), 立即口交(12), 藥物(11), 平胸(10), 處男(10), 足交(10), 泳裝(9), 戀乳癖(9), 女檢察官(9), 故事集(9), 新娘，年輕妻子(9), 處女(8), 女教師(8), 內衣(8), 猥褻穿著(8), 迷你裙(8), 浴衣(8), 學校泳裝(8), 69(8), 兩女一男(7), 魔鬼系(7), 黑人演員(7), 瘦小身型(7), 感謝祭(6), 學校作品(6), 緊縛(6), 高挑(6), 和服，喪服(5), 靴子(5), 運動短褲(5), 監禁(5), 女醫生(5), 惡作劇(5), 正太控(5), 眼鏡(5), 變性者(4), 教學(4), 倒追(4), 身體意識(4), 空中小姐(4), 角色扮演(4), 按摩棒(4), 妄想(4), 飲尿(4), 女主播(4), 女裝人妖(4), 絲襪、過膝襪(4), 蠻橫嬌羞(4), 童年朋友(4), 曬黑(3), 講師(3), 運動(3), 3D(3), 跳舞(3), 藝人(3), 手指插入(3), 調教(3), 胖女人(2), 雙性人(2), 滑稽模仿(2), 殘忍畫面(2), 成人電影(2), 貓耳女(2), 泡泡襪(2), 模特兒(2), 汽車性愛(2), 國外進口(2), 行動(2), 特效(2), 戰鬥行動(2), 兔女郎(2), 裸體圍裙(2), 跳蛋(2), 插入異物(2), 蘿莉塔(2), 秘書(2), 服務生(2), 家教(2), 婆婆(2), 首次亮相(2), 母乳(1), 性感的(1), 超乳(1), 女戰士(1), 性轉換·女體化(1), 緊身衣(1), 亞洲女演員(1), 站立後入(1), 洗澡(1), 性騷擾(1), 強姦(1), 給女性觀眾(1), 娃娃(1), 無碼破解(1), 妓女(1), 投稿(1), 母親(1), 爛醉如泥的(1), 大小姐(1)"
"松本一香, 松本いちか, いちか, いちかちゃん",https://javdb.com/actors/AOqm,,,"全部, 可播放, 單體作品, 含磁鏈, 含字幕, 中出(736), 精選綜合(666), 美少女電影(566), 4小時以上作品(527), VR(509), 單體作品(381), 蕩婦(338), 高中女生(204), 苗條(193), 口交(190), 巨乳(177), 淫亂真實(165), 平胸(160), 女上位(155), 素人作品(143), 制服(132), 多P(109), 無毛(96), 主觀視角(93), 美乳(80), 接吻(77), 辣妹(75), 瘦小身型(67), 手淫(61), 白天出軌(58), 亂倫(58), 戀物癖(57), 妹妹(55), 16小時以上作品(51), 顏射(51), 淫語(50), 美臀(48), 已婚婦女(46), 女同性戀(45), 介紹影片(44), 戲劇(43), 大屁股(43), 第一人稱攝影(43), 潮吹(41), 業餘(39), M男(37), 姐姐(37), 羞恥(35), 女同接吻(33), 角色扮演者(33), 凌辱(33), 自慰(31), 玩具(30), 校服(29), 深喉(27), 肛門・肛交(24), 禮儀小姐(24), 舔陰(24), 短裙(24), 濫交(22), 乳液(21), 捆綁(21), 拘束(20), 紀錄片(20), 出軌(17), 美少女(16), 魔鬼系(16), 戀腿癖(15), 女大學生(15), 吞精(15), 按摩(15), 企畫(14), 感謝祭(14), 美容院(14), 新娘，年輕妻子(14), 水手服(13), 女優按摩棒(13), 騎乗位(12), OL(12), 女傭(12), 足交(12), 獵豔(11), 手指插入(11), 處男(11), 戀愛(11), 局部特寫(10), 4K(10), 情侶(10), 巨大陰莖(10), 泳裝(10), 性感的(9), 藥物(9), 乳交(9), 偶像(9), 童年朋友(9), 兩女一男(8), 熟女(8), 偷窺(8), 學校泳裝(8), 流汗(8), 學校作品(8), 蠻橫嬌羞(8), 倒追(7), SM(7), 眼鏡(7), 娃娃(7), 戶外(7), 監禁(7), 戀乳癖(6), 妄想(6), 跳蛋(6), 連褲襪(6), 浴衣(6), 緊縛(5), 按摩棒(5), 立即口交(5), 迷你裙(5), 69(5), 內衣(5), 猥褻穿著(5), 絲襪、過膝襪(5), 蘿莉塔(4), 跳舞(4), 女教師(4), 曬黑(4), 泡泡襪(4), 護士(4), 惡作劇(3), 女檢察官(3), 角色扮演(3), 殘忍畫面(3), 黑人演員(3), 戰鬥行動(3), 原作改編(3), 貓耳女(3), 汽車性愛(3), 和服，喪服(3), 母親(2), 女裝人妖(2), 特效(2), 兔女郎(2), 處女(2), 婆婆(2), 家教(2), 各種職業(2), 放尿(2), 調教(2), 緊身衣(2), 運動(1), 變性者(1), 子宮頸(1), 教學(1), 拳交(1), 飲尿(1), 大小姐(1), 感官作品(1), 女戰士(1), 性轉換·女體化(1), 雙性人(1), 裸體圍裙(1), 運動短褲(1), 其他戀物癖(1), 滑稽模仿(1), 肌肉(1), 3D(1), 首次亮相(1)"
"藤森里穂, 山本しゅり, はるかみらい, 前田由美, 葵桃香, 加藤ゆり, 橋本優希, 牧野宏美, 西山里穂, 井上遥香, 遥まいみ, 瀧本しおり, みらいちゃん, 森川あやみ, 有村あおい, 神戸まなみ, 明日香未来, 藤森さん, りほ",https://javdb.com/actors/8pk9,,,"全部, 可播放, 單體作品, 含磁鏈, 含字幕, 中出(529), 巨乳(452), 精選綜合(414), 4小時以上作品(324), VR(301), 蕩婦(251), 單體作品(215), 已婚婦女(200), 美少女電影(130), 女上位(127), 素人作品(115), 口交(115), 白天出軌(100), 業餘(94), 淫亂真實(93), 姐姐(67), 美乳(65), 乳交(64), 出軌(61), 苗條(56), 潮吹(55), 熟女(53), 第一人稱攝影(51), 主觀視角(50), 大屁股(49), 戀物癖(47), 多P(45), 企畫(39), 接吻(39), OL(38), 美臀(36), 16小時以上作品(31), 手淫(31), 獵豔(28), 禮儀小姐(27), 顏射(26), 美少女(26), 女大學生(26), 紀錄片(25), 凌辱(24), 介紹影片(23), 淫語(23), 高中女生(23), 濫交(22), 按摩(22), 戲劇(22), 乳液(21), 羞恥(20), M男(20), 自慰(18), 連褲襪(16), 偷窺(16), 戀腿癖(16), 辣妹(16), 亂倫(15), 制服(14), 女教師(14), 妹妹(13), 內衣(13), 美容院(12), 新娘，年輕妻子(12), 拘束(11), 角色扮演(11), 玩具(11), 捆綁(10), 短裙(10), 角色扮演者(10), 校服(9), 女優按摩棒(9), 肛門・肛交(9), 流汗(8), 放尿(8), 藥物(8), 各種職業(8), 局部特寫(8), 巨大陰莖(7), 迷你裙(7), 處男(7), 泳裝(7), 女檢察官(7), 無碼破解(6), 戀乳癖(6), 浴衣(6), 性感的(6), 護士(6), 高挑(6), HDTV(6), 深喉(6), 藝人(5), 婆婆(5), 舔陰(5), 足交(5), SM(4), 立即口交(4), 3D(4), 按摩棒(4), 數位馬賽克(4), 灌腸(4), 無毛(4), 情侶(4), 手指插入(4), 胖女人(4), 吞精(4), 故事集(3), 靴子(3), 魔鬼系(3), 和服，喪服(3), 爛醉如泥的(3), 妓女(3), 其他戀物癖(3), 蘿莉塔(3), 戶外(3), 投稿(3), 騎乗位(3), 學校泳裝(2), 教學(2), 兩女一男(2), 黑人演員(2), 倒追(2), 運動(2), 感謝祭(2), 緊縛(2), 二穴同入(2), 首次亮相(2), 強姦(2), 特效(2), 緊身衣(2), 惡作劇(2), 戀愛(2), 講師(2), 旗袍(2), 母親(2), 偶像(1), 妄想(1), 身體意識(1), 超乳(1), 女傭(1), 4K(1), 兩男兩女(1), 正太控(1), 處女(1), 69(1), 插入異物(1), 變性者(1), 殘忍畫面(1), 原作改編(1), 明星臉(1), 洗澡(1), 飲尿(1), 平胸(1), 溫泉(1), 老闆娘，女主人(1), 絲襪、過膝襪(1), 恐怖(1), 童年朋友(1), 水手服(1), 眼鏡(1), 催眠(1), 女醫生(1), 瘦小身型(1), 娃娃(1), 寡婦(1), 家教(1)"
小野六花,https://javdb.com/actors/zvK7,,,"全部, 可播放, 單體作品, 含磁鏈, 含字幕, 美少女電影(82), 單體作品(73), 精選綜合(70), 4小時以上作品(49), 口交(41), 素人作品(33), 中出(31), 紀錄片(30), 蕩婦(30), 接吻(19), 淫亂真實(18), 制服(16), 女上位(15), 高中女生(15), 介紹影片(14), 苗條(14), 美乳(14), VR(13), 手淫(13), 潮吹(12), 辣妹(10), 巨乳(10), 顏射(10), 多P(10), 白天出軌(9), 性感的(9), 淫語(9), 流汗(8), 大屁股(7), 美臀(7), 角色扮演者(5), M男(5), 戀物癖(5), 凌辱(4), 主觀視角(4), 童年朋友(4), 禮儀小姐(4), 戲劇(3), 妹妹(3), 放尿(3), 蠻橫嬌羞(3), 乳交(3), 濫交(2), 原作改編(2), OL(2), 局部特寫(2), 深喉(2), 女大學生(2), 羞恥(2), 4K(2), 自慰(2), 美容院(2), 乳液(2), 女傭(2), 女優按摩棒(2), 運動短褲(1), 貓耳女(1), 偶像(1), 感謝祭(1), 按摩(1), SM(1), 吞精(1), 和服，喪服(1), 護士(1), 肛門・肛交(1), 亂倫(1), 學校泳裝(1), 出軌(1), 已婚婦女(1), 拘束(1), 足交(1), 戀腿癖(1), 高挑(1), 倒追(1), 情侶(1), 處男(1), 監禁(1), 玩具(1), 惡作劇(1), 短裙(1), 姐姐(1), 第一人稱攝影(1), 巨大陰莖(1), 內衣(1), 首次亮相(1)"
石原希望,https://javdb.com/actors/QO2M,,,"全部, 可播放, 單體作品, 含磁鏈, 含字幕, 精選綜合(162), 中出(157), 美少女電影(124), 4小時以上作品(122), 單體作品(120), 巨乳(115), VR(95), 蕩婦(64), 口交(57), 女上位(50), 淫亂真實(39), 白天出軌(33), 高中女生(30), 素人作品(28), 接吻(23), 美乳(22), 制服(21), 顏射(20), 苗條(19), 多P(19), 紀錄片(18), 介紹影片(17), 潮吹(16), 淫語(15), 主觀視角(15), 乳交(13), 手淫(13), 已婚婦女(12), 女傭(10), 第一人稱攝影(10), 16小時以上作品(9), 戲劇(9), 美臀(7), 大屁股(7), 辣妹(7), 無毛(7), 性感的(6), 原作改編(6), 戀物癖(6), 女大學生(6), 童年朋友(6), 情侶(6), 護士(5), M男(5), 禮儀小姐(5), 偶像(5), 流汗(5), 熟女(5), 蠻橫嬌羞(5), 凌辱(4), 感謝祭(4), 角色扮演者(4), 浴衣(4), 自慰(4), 濫交(3), 女教師(3), 肛門・肛交(3), 學校泳裝(3), 子宮頸(3), 妹妹(3), 按摩(3), 戀愛(3), 巨大陰莖(3), 女優按摩棒(3), 處男(3), 深喉(2), 教學(2), 局部特寫(2), 女檢察官(2), 平胸(2), 瘦小身型(2), 捆綁(2), 玩具(2), 汽車性愛(2), 美容院(2), 立即口交(2), 老闆娘，女主人(2), 舔陰(2), OL(2), 惡作劇(1), 偷窺(1), 出軌(1), SM(1), 吞精(1), 綜合短篇(1), 短裙(1), 水手服(1), 按摩棒(1), 姐姐(1), 69(1), 貓耳女(1), 眼鏡(1), 緊縛(1), 旗袍(1), 胖女人(1), 放尿(1), 連褲襪(1), 校服(1), 戀乳癖(1), 乳液(1), 亂倫(1), 兔女郎(1), 科幻(1), 業餘(1), 獵豔(1), 學校作品(1), 絲襪、過膝襪(1), 首次亮相(1)"
"沙月芽衣, さつき芽衣",https://javdb.com/actors/RngD,,,"全部, 可播放, 單體作品, 含磁鏈, 含字幕, 中出(323), 精選綜合(268), 巨乳(257), 單體作品(230), 4小時以上作品(214), VR(184), 美少女電影(150), 蕩婦(138), 淫亂真實(98), 口交(88), 女上位(66), 素人作品(64), 多P(58), 高中女生(56), 主觀視角(55), 美乳(47), 熟女(46), 乳交(44), 制服(40), 白天出軌(34), 自慰(32), 大屁股(31), 淫語(30), 手淫(28), 接吻(28), 已婚婦女(28), 戀物癖(26), 16小時以上作品(26), 潮吹(25), 肛門・肛交(23), 介紹影片(23), 顏射(21), 姐姐(20), 第一人稱攝影(19), 辣妹(19), 戲劇(19), 妹妹(19), 苗條(19), 女同性戀(18), M男(17), 美臀(16), 濫交(16), 深喉(16), 4K(14), 亂倫(14), 禮儀小姐(14), 女同接吻(13), 拘束(13), 乳液(13), 羞恥(12), 女大學生(12), 玩具(11), 紀錄片(11), 凌辱(11), 舔陰(11), 戀乳癖(10), 吞精(10), 角色扮演者(9), 原作改編(9), 巨大陰莖(8), OL(8), 捆綁(8), 偶像(8), 按摩(7), 按摩棒(7), 戶外(7), 女優按摩棒(7), 情侶(7), 處男(7), 企畫(6), 連褲襪(6), 放尿(6), 女傭(6), 監禁(6), 流汗(6), 局部特寫(5), 戀愛(5), 戀腿癖(5), 魔鬼系(5), 短裙(5), 校服(5), 新娘，年輕妻子(5), 感謝祭(5), SM(5), 兔女郎(4), 給女性觀眾(4), 護士(4), 騎乗位(4), 出軌(4), 女教師(4), 學校泳裝(4), 教學(3), 手指插入(3), 內衣(3), 猥褻穿著(3), 業餘(3), 性感的(3), 美容院(3), 瘦小身型(3), 童年朋友(3), 獵豔(2), 足交(2), 眼鏡(2), 惡作劇(2), 汽車性愛(2), 運動短褲(2), 平胸(2), 3D(2), 子宮頸(2), 各種職業(2), 美少女(2), 69(2), 行動(2), 女檢察官(2), 運動(2), 泳裝(2), 浴衣(2), 跳蛋(1), 車掌小姐(1), 超乳(1), 秘書(1), 倒追(1), 性轉換·女體化(1), 大小姐(1), 學校作品(1), 插入異物(1), 女主播(1), 和服，喪服(1), 講師(1), 投稿(1), 偷窺(1), 藥物(1), 母親(1), 動畫人物(1), 變性者(1), 賽車女郎(1), 首次亮相(1)"
"百瀨飛鳥, 百瀬あすか",https://javdb.com/actors/NJnx,,,"全部, 可播放, 單體作品, 含磁鏈, 含字幕, 中出(153), VR(145), 精選綜合(138), 美少女電影(130), 單體作品(103), 4小時以上作品(90), 高中女生(71), 蕩婦(69), 口交(52), 巨乳(41), 制服(37), 戀物癖(35), 主觀視角(35), 淫亂真實(33), 多P(33), 素人作品(33), 女上位(27), 美乳(24), 淫語(22), 潮吹(21), M男(20), 接吻(20), 手淫(19), 顏射(19), 白天出軌(18), 第一人稱攝影(17), 濫交(14), 女同性戀(14), 苗條(13), 放尿(12), 戲劇(11), 大屁股(10), 平胸(10), 女同接吻(10), 自慰(10), 姐姐(9), 妹妹(9), 紀錄片(9), 校服(9), 無毛(8), 美臀(8), 短裙(8), 介紹影片(8), 企畫(7), 局部特寫(7), 羞恥(7), 舔陰(7), 亂倫(7), 乳液(6), 足交(6), 16小時以上作品(6), 女傭(6), 肛門・肛交(6), 女大學生(6), 辣妹(6), 禮儀小姐(6), 學校泳裝(6), 凌辱(6), 玩具(6), 4K(5), 戀腿癖(5), 美少女(5), 偷窺(5), 角色扮演者(5), 騎乗位(5), 處男(5), 瘦小身型(5), 按摩(5), 飲尿(4), 已婚婦女(4), 魔鬼系(4), 偶像(4), 業餘(4), 乳交(3), 教學(3), 美容院(3), 連褲襪(3), 各種職業(3), 情侶(3), 性感的(3), 流汗(3), 水手服(3), 69(3), 拘束(3), 戀乳癖(2), 貓耳女(2), 母親(2), 護士(2), 感謝祭(2), 殘忍畫面(2), 學校作品(2), 蠻橫嬌羞(2), 戀愛(2), 雙性人(2), 插入異物(2), 猥褻穿著(2), 運動(2), OL(2), 藥物(2), 女優按摩棒(2), 立即口交(2), 深喉(2), 監禁(2), 高挑(1), 裸體圍裙(1), 按摩棒(1), 熟女(1), 性轉換·女體化(1), 運動短褲(1), 泡泡襪(1), 汽車性愛(1), 女裝人妖(1), 子宮頸(1), 泳裝(1), 巨大陰莖(1), 吞精(1), 兔女郎(1), 新娘，年輕妻子(1), 迷你裙(1), 故事集(1), 惡作劇(1), 絲襪、過膝襪(1), 跳舞(1), 捆綁(1), SM(1), 洗澡(1), 家教(1), 眼鏡(1), 手指插入(1), 出軌(1), 獵豔(1), 首次亮相(1)"
"楪可憐, 楪カレン, 楪可怜",https://javdb.com/actors/p3kMZ,,,"全部, 可播放, 單體作品, 含磁鏈, 含字幕, 巨乳(169), 中出(165), 單體作品(125), 4小時以上作品(105), 精選綜合(99), 乳交(74), 蕩婦(63), 姐姐(62), 淫亂真實(38), 口交(35), 白天出軌(35), 女上位(34), 美少女電影(34), 多P(22), VR(22), 苗條(17), 接吻(16), 潮吹(15), 高中女生(13), 介紹影片(12), 戀乳癖(10), 凌辱(10), 手淫(10), 出軌(10), 濫交(9), 紀錄片(8), 素人作品(8), 乳液(8), 制服(7), 性感的(6), 大屁股(6), 流汗(6), 女教師(6), 辣妹(6), 顏射(5), 角色扮演者(5), 戀物癖(5), 已婚婦女(5), 美乳(5), 妹妹(5), 美容院(5), 禮儀小姐(5), M男(4), OL(4), 吞精(3), 淫語(3), 藥物(3), 玩具(3), 蠻橫嬌羞(3), 深喉(3), 家教(2), 內衣(2), 第一人稱攝影(2), 泳裝(2), 護士(2), 亂倫(2), 主觀視角(2), 拘束(2), 兔女郎(2), 自慰(2), 童年朋友(2), 戀愛(2), 戲劇(2), 首次亮相(2), 舔陰(1), 各種職業(1), 學校作品(1), 美臀(1), 眼鏡(1), 女檢察官(1), 獵豔(1), 16小時以上作品(1), 偶像(1), 教學(1), 感謝祭(1), 猥褻穿著(1), 倒追(1), 綜合短篇(1), 浴衣(1), 學校泳裝(1), 放尿(1), 女傭(1), 胖女人(1), 3D(1), 緊縛(1), 情侶(1), 按摩(1), 業餘(1)"
"小宵虎南, 小宵こなん",https://javdb.com/actors/76BeZ,,,"全部, 可播放, 單體作品, 含磁鏈, 含字幕, 巨乳(87), 精選綜合(70), 4小時以上作品(66), 乳交(56), 單體作品(48), 淫亂真實(36), VR(29), 女上位(26), 美少女電影(22), 接吻(18), 戀乳癖(17), 蕩婦(17), 苗條(12), 口交(12), 白天出軌(10), 薄馬賽克(9), 潮吹(8), 主觀視角(8), 16小時以上作品(7), 美乳(7), 超乳(5), 淫語(5), 偶像(5), 禮儀小姐(5), 姐姐(4), 介紹影片(4), 美容院(4), 顏射(4), OL(4), 性感的(4), 手淫(3), 深喉(3), 多P(3), 女教師(3), 紀錄片(3), 乳液(3), 高挑(3), 玩具(2), 猥褻穿著(2), 處男(2), 濫交(2), M男(2), 浴衣(2), 出軌(2), 流汗(2), 第一人稱攝影(2), 大小姐(2), 護士(1), 大屁股(1), 拘束(1), 原作改編(1), 女傭(1), 角色扮演者(1), 學校泳裝(1), 羞恥(1), 妹妹(1), 感謝祭(1), 子宮頸(1), 亂倫(1), 美臀(1), 倒追(1), 中出(1), 戲劇(1), 按摩(1), 和服，喪服(1), 首次亮相(1)"
"新井莉麻, 新井リマ, りま, リマ",https://javdb.com/actors/E2vOx,,,"全部, 可播放, 單體作品, 含磁鏈, 含字幕, 中出(265), VR(240), 精選綜合(215), 巨乳(166), 單體作品(160), 美少女電影(128), 蕩婦(115), 4小時以上作品(112), 辣妹(75), 女上位(74), 苗條(73), 口交(67), 美乳(51), 主觀視角(44), 高中女生(42), 手淫(30), 淫亂真實(30), 素人作品(29), 接吻(28), 制服(27), 乳交(26), 淫語(21), 禮儀小姐(21), 多P(21), 白天出軌(20), 戀物癖(18), 第一人稱攝影(18), 潮吹(16), 16小時以上作品(15), 業餘(14), 美臀(13), 大屁股(13), 乳液(13), 戲劇(12), 舔陰(12), M男(11), 姐姐(11), 美容院(10), 介紹影片(10), 顏射(9), 角色扮演者(9), 處男(9), 紀錄片(9), 按摩(8), 吞精(7), 足交(7), OL(6), 女傭(6), 妹妹(6), 凌辱(6), 美少女(6), 童年朋友(5), 戀愛(5), 已婚婦女(5), 玩具(5), 藥物(5), 企畫(5), 局部特寫(5), 流汗(5), 女同接吻(4), 女同性戀(4), 自慰(4), 原作改編(4), 女優按摩棒(4), 濫交(4), 短裙(4), 女大學生(4), 偷窺(4), 情侶(4), 按摩棒(3), 戀腿癖(3), 校服(3), 捆綁(3), 放尿(3), 角色扮演(3), 獵豔(3), 兔女郎(3), 蠻橫嬌羞(3), 性感的(2), 惡作劇(2), 深喉(2), 戀乳癖(2), 浴衣(2), 和服，喪服(2), 家教(2), 故事集(2), 護士(2), 感謝祭(2), 肛門・肛交(2), 熟女(2), 汽車性愛(2), 手指插入(2), 教學(2), 內衣(2), 69(2), 亂倫(2), 騎乗位(1), 無毛(1), 水手服(1), 連褲襪(1), 新娘，年輕妻子(1), 立即口交(1), 曬黑(1), 旗袍(1), 巨大陰莖(1), 超乳(1), 各種職業(1), 講師(1), 猥褻穿著(1), 緊身衣(1), 學校作品(1), 迷你裙(1), 泡泡襪(1), 運動短褲(1), 大小姐(1), 4K(1), 絲襪、過膝襪(1), 出軌(1), 偶像(1), 靴子(1), 泳裝(1), 監禁(1), 拘束(1), 性騷擾(1), 女主播(1), 首次亮相(1)"
"水原美園, 水原みその, 早見カンナ, みその",https://javdb.com/actors/E2vWM,,,"全部, 可播放, 單體作品, 含磁鏈, 含字幕, 巨乳(337), 中出(259), 精選綜合(208), 單體作品(157), 4小時以上作品(145), VR(132), 乳交(129), 美少女電影(86), 蕩婦(78), 戀乳癖(52), 大屁股(51), 淫亂真實(47), 素人作品(45), 胖女人(44), 女上位(41), 多P(39), 已婚婦女(33), 高中女生(33), 超乳(31), 口交(28), 主觀視角(25), 白天出軌(24), 乳液(22), 角色扮演者(21), 介紹影片(20), 美乳(18), 妹妹(17), 16小時以上作品(16), 潮吹(15), 無毛(15), 禮儀小姐(15), 戀物癖(14), 姐姐(13), 凌辱(12), 制服(12), 美臀(12), 按摩(11), OL(11), 手淫(11), 辣妹(10), 苗條(10), 女傭(9), 羞恥(8), 4K(8), 美容院(8), 兔女郎(8), 第一人稱攝影(8), 自慰(7), 顏射(7), 偷窺(6), 局部特寫(5), 接吻(5), 濫交(5), 原作改編(5), 流汗(5), 猥褻穿著(5), 浴衣(5), 業餘(5), 戲劇(5), 女教師(5), 熟女(5), 淫語(5), 女優按摩棒(5), 學校泳裝(5), 玩具(5), 連褲襪(4), 各種職業(4), 肛門・肛交(4), 校服(4), 拘束(4), 緊縛(4), 感謝祭(4), 女大學生(4), 亂倫(4), 短裙(3), 護士(3), 緊身衣(3), 正太控(3), 按摩棒(3), 手指插入(3), 紀錄片(3), 出軌(3), 首次亮相(3), 企畫(2), 運動(2), 泳裝(2), 騎乗位(2), 捆綁(2), 深喉(2), SM(2), 感官作品(2), M男(2), 吞精(2), 偶像(2), 戀腿癖(2), 內衣(2), 母親(2), 舔陰(2), 絲襪、過膝襪(2), 巨大陰莖(2), 跳舞(1), 滑稽模仿(1), 惡作劇(1), 汽車性愛(1), 新娘，年輕妻子(1), 藥物(1), 放尿(1), 運動短褲(1), 妄想(1), 瘦小身型(1), 迷你裙(1), 貓耳女(1), 眼鏡(1), 童年朋友(1), 性感的(1), 洗澡(1), 服務生(1), 水手服(1), 藝人(1), 蘿莉塔(1), 倒追(1)"
石川澪,https://javdb.com/actors/QV0p9,,,"全部, 可播放, 單體作品, 含磁鏈, 含字幕, 美少女電影(86), 單體作品(64), 精選綜合(46), 4小時以上作品(43), 口交(34), 蕩婦(29), 苗條(29), 接吻(19), 女上位(18), 顏射(16), 美乳(15), 手淫(14), 介紹影片(14), VR(14), 淫亂真實(13), 潮吹(12), 中出(10), 制服(10), 多P(10), 巨乳(9), 主觀視角(8), 高中女生(8), 紀錄片(7), 羞恥(6), 淫語(6), 角色扮演者(6), 戀物癖(5), 性感的(5), 素人作品(5), 妹妹(4), 情侶(3), M男(3), 第一人稱攝影(3), 美容院(3), OL(2), 玩具(2), 童年朋友(2), 局部特寫(2), 舔陰(2), 白天出軌(2), 平胸(2), 女傭(2), 放尿(2), 偶像(2), 護士(2), 處男(2), 乳液(2), 禮儀小姐(2), 短裙(2), 浴衣(1), 深喉(1), 教學(1), 濫交(1), 戲劇(1), 凌辱(1), 內衣(1), 監禁(1), 惡作劇(1), 偷窺(1), 立即口交(1), 足交(1), 戀腿癖(1), 高挑(1), 自慰(1), 亂倫(1), 無毛(1), 泳裝(1), 感謝祭(1), 乳交(1), 首次亮相(1), 女大學生(1)"